com/google/android/gms/common/logging,2,2 3 4 Player Mini Games_v3.2.2_apkpure.com,com.miniclip.eightballpool
android/support/v4/content/res,2,2 3 4 Player Mini Games_v3.2.2_apkpure.com,com.miniclip.eightballpool
android/support/v4/math,2,2 3 4 Player Mini Games_v3.2.2_apkpure.com,com.miniclip.eightballpool
android/support/v7/view/menu,2,2 3 4 Player Mini Games_v3.2.2_apkpure.com,com.miniclip.eightballpool
com,2,2 3 4 Player Mini Games_v3.2.2_apkpure.com,com.miniclip.eightballpool
com/google/android/gms/dynamite/descriptors/com/google/android,2,2 3 4 Player Mini Games_v3.2.2_apkpure.com,com.miniclip.eightballpool
android/support/v4/text,2,2 3 4 Player Mini Games_v3.2.2_apkpure.com,com.miniclip.eightballpool
com/google/android/gms/common/api,2,2 3 4 Player Mini Games_v3.2.2_apkpure.com,com.miniclip.eightballpool
android/support/customtabs,2,2 3 4 Player Mini Games_v3.2.2_apkpure.com,com.miniclip.eightballpool
android/support/v4/media,2,2 3 4 Player Mini Games_v3.2.2_apkpure.com,com.miniclip.eightballpool
android/support/customview,2,2 3 4 Player Mini Games_v3.2.2_apkpure.com,com.miniclip.eightballpool
android/arch/core/executor,2,2 3 4 Player Mini Games_v3.2.2_apkpure.com,com.miniclip.eightballpool
com/google/android/gms/common/sqlite,2,2 3 4 Player Mini Games_v3.2.2_apkpure.com,com.miniclip.eightballpool
android/support/localbroadcastmanager,2,2 3 4 Player Mini Games_v3.2.2_apkpure.com,com.miniclip.eightballpool
android/support/v7/widget,2,2 3 4 Player Mini Games_v3.2.2_apkpure.com,com.miniclip.eightballpool
android/support/v4/view/accessibility,2,2 3 4 Player Mini Games_v3.2.2_apkpure.com,com.miniclip.eightballpool
android/arch/core/util,2,2 3 4 Player Mini Games_v3.2.2_apkpure.com,com.miniclip.eightballpool
com/google/android/gms/ads/search,2,2 3 4 Player Mini Games_v3.2.2_apkpure.com,com.miniclip.eightballpool
com/google/android,2,2 3 4 Player Mini Games_v3.2.2_apkpure.com,com.miniclip.eightballpool
android/support/v7/view,2,2 3 4 Player Mini Games_v3.2.2_apkpure.com,com.miniclip.eightballpool
com/google/android/gms/ads,2,2 3 4 Player Mini Games_v3.2.2_apkpure.com,com.miniclip.eightballpool
com/google/android/gms/dynamic,2,2 3 4 Player Mini Games_v3.2.2_apkpure.com,com.miniclip.eightballpool
com/google/android/gms/common/annotation,2,2 3 4 Player Mini Games_v3.2.2_apkpure.com,com.miniclip.eightballpool
android/support/v7/viewpager,2,2 3 4 Player Mini Games_v3.2.2_apkpure.com,com.miniclip.eightballpool
android/support/v4/provider,2,2 3 4 Player Mini Games_v3.2.2_apkpure.com,com.miniclip.eightballpool
android/arch/lifecycle/livedata,2,2 3 4 Player Mini Games_v3.2.2_apkpure.com,com.miniclip.eightballpool
com/google/android/gms/measurement,2,2 3 4 Player Mini Games_v3.2.2_apkpure.com,com.miniclip.eightballpool
androidx/core,2,2 3 4 Player Mini Games_v3.2.2_apkpure.com,com.miniclip.eightballpool
com/google/android/gms/common/config,2,2 3 4 Player Mini Games_v3.2.2_apkpure.com,com.miniclip.eightballpool
android/support/v4/database/sqlite,2,2 3 4 Player Mini Games_v3.2.2_apkpure.com,com.miniclip.eightballpool
com/google/android/gms/common/util/concurrent,2,2 3 4 Player Mini Games_v3.2.2_apkpure.com,com.miniclip.eightballpool
android/support/design,2,2 3 4 Player Mini Games_v3.2.2_apkpure.com,com.miniclip.eightballpool
com/google/android/gms/ads_base,2,2 3 4 Player Mini Games_v3.2.2_apkpure.com,com.miniclip.eightballpool
android/support/v4/widget,2,2 3 4 Player Mini Games_v3.2.2_apkpure.com,com.miniclip.eightballpool
android/support/v4/graphics/drawable,2,2 3 4 Player Mini Games_v3.2.2_apkpure.com,com.miniclip.eightballpool
android/support/coreutils,2,2 3 4 Player Mini Games_v3.2.2_apkpure.com,com.miniclip.eightballpool
android/support/v7/content,2,2 3 4 Player Mini Games_v3.2.2_apkpure.com,com.miniclip.eightballpool
android/support/v4/media/app,2,2 3 4 Player Mini Games_v3.2.2_apkpure.com,com.miniclip.eightballpool
android/support/v4/net,2,2 3 4 Player Mini Games_v3.2.2_apkpure.com,com.miniclip.eightballpool
com/google/android/gms/measurement_base,2,2 3 4 Player Mini Games_v3.2.2_apkpure.com,com.miniclip.eightballpool
com/google/android/gms/ads/mediation,2,2 3 4 Player Mini Games_v3.2.2_apkpure.com,com.miniclip.eightballpool
com/google/android/gms/ads/mediation/rtb,2,2 3 4 Player Mini Games_v3.2.2_apkpure.com,com.miniclip.eightballpool
com/google,2,2 3 4 Player Mini Games_v3.2.2_apkpure.com,com.miniclip.eightballpool
com/google/android/gms/dynamite/descriptors/com,2,2 3 4 Player Mini Games_v3.2.2_apkpure.com,com.miniclip.eightballpool
com/google/android/gms/dynamite,2,2 3 4 Player Mini Games_v3.2.2_apkpure.com,com.miniclip.eightballpool
android/support/v7/graphics/drawable,2,2 3 4 Player Mini Games_v3.2.2_apkpure.com,com.miniclip.eightballpool
com/google/android/gms/common/wrappers,2,2 3 4 Player Mini Games_v3.2.2_apkpure.com,com.miniclip.eightballpool
android/support,2,2 3 4 Player Mini Games_v3.2.2_apkpure.com,com.miniclip.eightballpool
android/arch,2,2 3 4 Player Mini Games_v3.2.2_apkpure.com,com.miniclip.eightballpool
com/google/android/gms/gass,2,2 3 4 Player Mini Games_v3.2.2_apkpure.com,com.miniclip.eightballpool
com/google/android/gms/dynamite/descriptors/com/google/android/gms,2,2 3 4 Player Mini Games_v3.2.2_apkpure.com,com.miniclip.eightballpool
com/google/android/gms/ads/doubleclick,2,2 3 4 Player Mini Games_v3.2.2_apkpure.com,com.miniclip.eightballpool
com/google/android/gms/dynamite/descriptors,2,2 3 4 Player Mini Games_v3.2.2_apkpure.com,com.miniclip.eightballpool
androidx/versionedparcelable,2,2 3 4 Player Mini Games_v3.2.2_apkpure.com,com.miniclip.eightballpool
android/support/v4/view,2,2 3 4 Player Mini Games_v3.2.2_apkpure.com,com.miniclip.eightballpool
android/support/fragment,2,2 3 4 Player Mini Games_v3.2.2_apkpure.com,com.miniclip.eightballpool
com/android/vending,2,2 3 4 Player Mini Games_v3.2.2_apkpure.com,com.miniclip.eightballpool
android/support/coreui,2,2 3 4 Player Mini Games_v3.2.2_apkpure.com,com.miniclip.eightballpool
android/support/v13,2,2 3 4 Player Mini Games_v3.2.2_apkpure.com,com.miniclip.eightballpool
com/google/gson/stream,2,2 3 4 Player Mini Games_v3.2.2_apkpure.com,com.miniclip.eightballpool
android/support/v4/util,2,2 3 4 Player Mini Games_v3.2.2_apkpure.com,com.miniclip.eightballpool
android/support/coordinatorlayout,2,2 3 4 Player Mini Games_v3.2.2_apkpure.com,com.miniclip.eightballpool
com/google/android/gms/security,2,2 3 4 Player Mini Games_v3.2.2_apkpure.com,com.miniclip.eightballpool
com/google/android/gms/ads_identifier,2,2 3 4 Player Mini Games_v3.2.2_apkpure.com,com.miniclip.eightballpool
com/google/android/gms/dynamite/descriptors/com/google/android/gms/ads,2,2 3 4 Player Mini Games_v3.2.2_apkpure.com,com.miniclip.eightballpool
android/support/documentfile,2,2 3 4 Player Mini Games_v3.2.2_apkpure.com,com.miniclip.eightballpool
com/google/android/gms/common/providers,2,2 3 4 Player Mini Games_v3.2.2_apkpure.com,com.miniclip.eightballpool
com/google/android/gms/ads/impl,2,2 3 4 Player Mini Games_v3.2.2_apkpure.com,com.miniclip.eightballpool
com/google/android/gms/ads/mediation/admob,2,2 3 4 Player Mini Games_v3.2.2_apkpure.com,com.miniclip.eightballpool
androidx/core/graphics/drawable,2,2 3 4 Player Mini Games_v3.2.2_apkpure.com,com.miniclip.eightballpool
androidx,2,2 3 4 Player Mini Games_v3.2.2_apkpure.com,com.miniclip.eightballpool
android/support/slidingpanelayout,2,2 3 4 Player Mini Games_v3.2.2_apkpure.com,com.miniclip.eightballpool
android/support/v4/view/animation,2,2 3 4 Player Mini Games_v3.2.2_apkpure.com,com.miniclip.eightballpool
android/support/v7/graphics,2,2 3 4 Player Mini Games_v3.2.2_apkpure.com,com.miniclip.eightballpool
android/support/v4/app,2,2 3 4 Player Mini Games_v3.2.2_apkpure.com,com.miniclip.eightballpool
com/google/android/gms/ads/mediation/customevent,2,2 3 4 Player Mini Games_v3.2.2_apkpure.com,com.miniclip.eightballpool
android/support/v4/accessibilityservice,2,2 3 4 Player Mini Games_v3.2.2_apkpure.com,com.miniclip.eightballpool
android/arch/lifecycle,2,2 3 4 Player Mini Games_v3.2.2_apkpure.com,com.miniclip.eightballpool
android/support/v13/view/inputmethod,2,2 3 4 Player Mini Games_v3.2.2_apkpure.com,com.miniclip.eightballpool
com/google/gson/annotations,2,2 3 4 Player Mini Games_v3.2.2_apkpure.com,com.miniclip.eightballpool
com/android,2,2 3 4 Player Mini Games_v3.2.2_apkpure.com,com.miniclip.eightballpool
com/google/android/gms/ads/rewarded,2,2 3 4 Player Mini Games_v3.2.2_apkpure.com,com.miniclip.eightballpool
android/support/v7/app,2,2 3 4 Player Mini Games_v3.2.2_apkpure.com,com.miniclip.eightballpool
android/support/asynclayoutinflater,2,2 3 4 Player Mini Games_v3.2.2_apkpure.com,com.miniclip.eightballpool
com/android/vending/billing,2,2 3 4 Player Mini Games_v3.2.2_apkpure.com,com.miniclip.eightballpool
android/support/mediacompat,2,2 3 4 Player Mini Games_v3.2.2_apkpure.com,com.miniclip.eightballpool
com/google/android/gms/ads/formats,2,2 3 4 Player Mini Games_v3.2.2_apkpure.com,com.miniclip.eightballpool
android/support/v4/content,2,2 3 4 Player Mini Games_v3.2.2_apkpure.com,com.miniclip.eightballpool
android/support/multidex,2,2 3 4 Player Mini Games_v3.2.2_apkpure.com,com.miniclip.eightballpool
android/support/interpolator,2,2 3 4 Player Mini Games_v3.2.2_apkpure.com,com.miniclip.eightballpool
com/google/android/gms/dynamite/descriptors/com/google/android/gms/ads/dynamite,2,2 3 4 Player Mini Games_v3.2.2_apkpure.com,com.miniclip.eightballpool
com/google/android/gms/measurement/sdk/api,2,2 3 4 Player Mini Games_v3.2.2_apkpure.com,com.miniclip.eightballpool
android/support/design/widget,2,2 3 4 Player Mini Games_v3.2.2_apkpure.com,com.miniclip.eightballpool
android/arch/core,2,2 3 4 Player Mini Games_v3.2.2_apkpure.com,com.miniclip.eightballpool
com/google/firebase,2,2 3 4 Player Mini Games_v3.2.2_apkpure.com,com.miniclip.eightballpool
androidx/media,2,2 3 4 Player Mini Games_v3.2.2_apkpure.com,com.miniclip.eightballpool
android/support/v13/view,2,2 3 4 Player Mini Games_v3.2.2_apkpure.com,com.miniclip.eightballpool
android/support/v4/graphics,2,2 3 4 Player Mini Games_v3.2.2_apkpure.com,com.miniclip.eightballpool
android/support/print,2,2 3 4 Player Mini Games_v3.2.2_apkpure.com,com.miniclip.eightballpool
android/support/swiperefreshlayout,2,2 3 4 Player Mini Games_v3.2.2_apkpure.com,com.miniclip.eightballpool
android/support/v4/text/util,2,2 3 4 Player Mini Games_v3.2.2_apkpure.com,com.miniclip.eightballpool
com/google/android/gms/ads/reward/mediation,2,2 3 4 Player Mini Games_v3.2.2_apkpure.com,com.miniclip.eightballpool
com/google/gson,2,2 3 4 Player Mini Games_v3.2.2_apkpure.com,com.miniclip.eightballpool
android/support/loader,2,2 3 4 Player Mini Games_v3.2.2_apkpure.com,com.miniclip.eightballpool
android/support/v4/hardware,2,2 3 4 Player Mini Games_v3.2.2_apkpure.com,com.miniclip.eightballpool
android/support/v4/hardware/fingerprint,2,2 3 4 Player Mini Games_v3.2.2_apkpure.com,com.miniclip.eightballpool
com/google/android/gms/actions,2,2 3 4 Player Mini Games_v3.2.2_apkpure.com,com.miniclip.eightballpool
com/google/gson/reflect,2,2 3 4 Player Mini Games_v3.2.2_apkpure.com,com.miniclip.eightballpool
com/google/android/gms/dynamite/descriptors/com/google,2,2 3 4 Player Mini Games_v3.2.2_apkpure.com,com.miniclip.eightballpool
org,2,2 3 4 Player Mini Games_v3.2.2_apkpure.com,com.miniclip.eightballpool
android/support/graphics/drawable,2,2 3 4 Player Mini Games_v3.2.2_apkpure.com,com.miniclip.eightballpool
com/google/ads/mediation,2,2 3 4 Player Mini Games_v3.2.2_apkpure.com,com.miniclip.eightballpool
android/support/graphics,2,2 3 4 Player Mini Games_v3.2.2_apkpure.com,com.miniclip.eightballpool
com/google/ads,2,2 3 4 Player Mini Games_v3.2.2_apkpure.com,com.miniclip.eightballpool
com/google/android/gms,2,2 3 4 Player Mini Games_v3.2.2_apkpure.com,com.miniclip.eightballpool
android/arch/lifecycle/viewmodel,2,2 3 4 Player Mini Games_v3.2.2_apkpure.com,com.miniclip.eightballpool
android/support/v7,2,2 3 4 Player Mini Games_v3.2.2_apkpure.com,com.miniclip.eightballpool
android/support/v4,2,2 3 4 Player Mini Games_v3.2.2_apkpure.com,com.miniclip.eightballpool
com/google/android/gms/common/util,2,2 3 4 Player Mini Games_v3.2.2_apkpure.com,com.miniclip.eightballpool
android/support/v4/os,2,2 3 4 Player Mini Games_v3.2.2_apkpure.com,com.miniclip.eightballpool
com/google/android/gms/ads/identifier,2,2 3 4 Player Mini Games_v3.2.2_apkpure.com,com.miniclip.eightballpool
com/google/android/gms/common/stats,2,2 3 4 Player Mini Games_v3.2.2_apkpure.com,com.miniclip.eightballpool
androidx/core/graphics,2,2 3 4 Player Mini Games_v3.2.2_apkpure.com,com.miniclip.eightballpool
android/support/annotation,2,2 3 4 Player Mini Games_v3.2.2_apkpure.com,com.miniclip.eightballpool
com/google/ads/mediation/customevent,2,2 3 4 Player Mini Games_v3.2.2_apkpure.com,com.miniclip.eightballpool
com/google/android/gms/measurement/api,2,2 3 4 Player Mini Games_v3.2.2_apkpure.com,com.miniclip.eightballpool
android/support/v4/content/pm,2,2 3 4 Player Mini Games_v3.2.2_apkpure.com,com.miniclip.eightballpool
android/support/v4/hardware/display,2,2 3 4 Player Mini Games_v3.2.2_apkpure.com,com.miniclip.eightballpool
android/support/drawerlayout,2,2 3 4 Player Mini Games_v3.2.2_apkpure.com,com.miniclip.eightballpool
android/support/compat,2,2 3 4 Player Mini Games_v3.2.2_apkpure.com,com.miniclip.eightballpool
android/support/v7/content/res,2,2 3 4 Player Mini Games_v3.2.2_apkpure.com,com.miniclip.eightballpool
com/google/android/gms/measurement/sdk,2,2 3 4 Player Mini Games_v3.2.2_apkpure.com,com.miniclip.eightballpool
android,2,2 3 4 Player Mini Games_v3.2.2_apkpure.com,com.miniclip.eightballpool
android/support/cursoradapter,2,2 3 4 Player Mini Games_v3.2.2_apkpure.com,com.miniclip.eightballpool
android/support/v4/print,2,2 3 4 Player Mini Games_v3.2.2_apkpure.com,com.miniclip.eightballpool
android/support/v4/database,2,2 3 4 Player Mini Games_v3.2.2_apkpure.com,com.miniclip.eightballpool
com/google/android/gms/ads/reward,2,2 3 4 Player Mini Games_v3.2.2_apkpure.com,com.miniclip.eightballpool
android/support/v7/text,2,2 3 4 Player Mini Games_v3.2.2_apkpure.com,com.miniclip.eightballpool
android/arch/lifecycle/livedata/core,2,2 3 4 Player Mini Games_v3.2.2_apkpure.com,com.miniclip.eightballpool
android/support/v4/media/session,2,2 3 4 Player Mini Games_v3.2.2_apkpure.com,com.miniclip.eightballpool
android/support/v7/appcompat,2,2 3 4 Player Mini Games_v3.2.2_apkpure.com,com.miniclip.eightballpool
com/google/android/gms/common,2,2 3 4 Player Mini Games_v3.2.2_apkpure.com,com.miniclip.eightballpool
com/google/ads/mediation/admob,2,2 3 4 Player Mini Games_v3.2.2_apkpure.com,com.miniclip.eightballpool
com/miniclip/inapppurchases/providers/google,1, com.miniclip.eightballpool,
com/ironsource/adapters/tapjoy,1, com.miniclip.eightballpool,
org/jsoup,1, com.miniclip.eightballpool,
com/google/firebase/firebase_core,1, com.miniclip.eightballpool,
com/facebook/share/model,1, com.miniclip.eightballpool,
com/facebook/appevents,1, com.miniclip.eightballpool,
com/integralads/avid/library/adcolony/deferred,1, com.miniclip.eightballpool,
com/google/zxing/multi,1, com.miniclip.eightballpool,
com/vungle/mediation,1, com.miniclip.eightballpool,
audience_network/com,1, com.miniclip.eightballpool,
com/google/zxing/aztec/encoder,1, com.miniclip.eightballpool,
audience_network/com/facebook/ads/redexgen,1, com.miniclip.eightballpool,
com/unity3d/services/purchasing/core,1, com.miniclip.eightballpool,
com/google/zxing/pdf417/encoder,1, com.miniclip.eightballpool,
audience_network/com/facebook/ads,1, com.miniclip.eightballpool,
com/mopub/mobileads/dfp,1, com.miniclip.eightballpool,
io/fabric/sdk/android/services/cache,1, com.miniclip.eightballpool,
com/mopub/mobileads/vungle,1, com.miniclip.eightballpool,
io/fabric/sdk/android/services/concurrency,1, com.miniclip.eightballpool,
com/unity3d/services/core,1, com.miniclip.eightballpool,
com/google/zxing/oned/rss/expanded,1, com.miniclip.eightballpool,
com/google/android/gms/games/multiplayer/realtime,1, com.miniclip.eightballpool,
org/ini4j,1,2 3 4 Player Mini Games_v3.2.2_apkpure.com,
com/miniclip/eightballpool/notification/userpicture,1, com.miniclip.eightballpool,
com/tonyodev/fetch/callback,1, com.miniclip.eightballpool,
com/ironsource,1, com.miniclip.eightballpool,
com/unity3d/services/monetization/placementcontent,1, com.miniclip.eightballpool,
com/miniclip/mcuseracquisition,1, com.miniclip.eightballpool,
com/ironsource/sdk/analytics,1, com.miniclip.eightballpool,
com/miniclip/mcprime,1, com.miniclip.eightballpool,
com/unity3d/services/monetization/core/placementcontent,1, com.miniclip.eightballpool,
com/google/zxing/common/detector,1, com.miniclip.eightballpool,
com/google/android/gms/tasks,1, com.miniclip.eightballpool,
com/facebook/share/widget,1, com.miniclip.eightballpool,
com/vungle/warren/persistence,1, com.miniclip.eightballpool,
com/unity3d/ads/purchasing,1, com.miniclip.eightballpool,
com/vungle/warren,1, com.miniclip.eightballpool,
com/android/installreferrer/commons,1, com.miniclip.eightballpool,
com/miniclip/storeview,1, com.miniclip.eightballpool,
com/mopub/mobileads/adcolony,1, com.miniclip.eightballpool,
com/google/android/gms/games/multiplayer,1, com.miniclip.eightballpool,
com/mopub/common/factories,1, com.miniclip.eightballpool,
com/mopub/mraid,1, com.miniclip.eightballpool,
com/unity3d/services/store,1, com.miniclip.eightballpool,
com/ironsource/sdk/utils,1, com.miniclip.eightballpool,
org/ini4j/spi,1,2 3 4 Player Mini Games_v3.2.2_apkpure.com,
com/vungle,1, com.miniclip.eightballpool,
com/miniclip/splashscreen,1, com.miniclip.eightballpool,
com/unity3d/services/analytics/interfaces,1, com.miniclip.eightballpool,
com/miniclip/ads/ironsource,1, com.miniclip.eightballpool,
com/mopub/mobileads/banner,1, com.miniclip.eightballpool,
com/crashlytics/android/core,1, com.miniclip.eightballpool,
com/integralads/avid,1, com.miniclip.eightballpool,
io/fabric/sdk/android/services/common,1, com.miniclip.eightballpool,
com/adcolony/adcolonysdk,1, com.miniclip.eightballpool,
com/google/android/finsky,1, com.miniclip.eightballpool,
com/miniclip/eightballpool/notification/support,1, com.miniclip.eightballpool,
com/moat,1, com.miniclip.eightballpool,
com/unity3d/services/monetization/core/utilities,1, com.miniclip.eightballpool,
com/miniclip/mcxaero,1, com.miniclip.eightballpool,
com/unity3d/services/core/misc,1, com.miniclip.eightballpool,
okhttp3/logging,1, com.miniclip.eightballpool,
com/google/android/gms/drive/metadata,1, com.miniclip.eightballpool,
com/google/android/gms/games/quest,1, com.miniclip.eightballpool,
com/google/android/gms/ads/initialization,1,2 3 4 Player Mini Games_v3.2.2_apkpure.com,
org/jsoup/parser,1, com.miniclip.eightballpool,
com/mopub/volley,1, com.miniclip.eightballpool,
com/ironsource/adapters/unityads,1, com.miniclip.eightballpool,
com/android/installreferrer,1, com.miniclip.eightballpool,
com/miniclip/eightballpool/notification,1, com.miniclip.eightballpool,
com/unity3d/services/ar/api,1, com.miniclip.eightballpool,
com/moat/analytics/mobile/iro,1, com.miniclip.eightballpool,
com/google/zxing/oned/rss/expanded/decoders,1, com.miniclip.eightballpool,
com/tonyodev/fetch/exception,1, com.miniclip.eightballpool,
com/facebook/devicerequests,1, com.miniclip.eightballpool,
com/google/android/gms/base,1, com.miniclip.eightballpool,
com/miniclip/keyboard,1, com.miniclip.eightballpool,
com/unity3d/services/monetization/core,1, com.miniclip.eightballpool,
com/unity3d/services/purchasing/core/configuration,1, com.miniclip.eightballpool,
com/miniclip/utils,1, com.miniclip.eightballpool,
com/google/firebase/measurement_impl,1, com.miniclip.eightballpool,
io,1, com.miniclip.eightballpool,
com/google/android/gms/common/server/response,1, com.miniclip.eightballpool,
com/miniclip/windowmanager,1, com.miniclip.eightballpool,
com/adjust,1, com.miniclip.eightballpool,
com/google/android/gms/games,1, com.miniclip.eightballpool,
com/unity3d/services/ads/placement,1, com.miniclip.eightballpool,
com/ironsource/sdk/controller,1, com.miniclip.eightballpool,
com/amazon/device/iap/model,1, com.miniclip.eightballpool,
com/tapjoy,1, com.miniclip.eightballpool,
com/miniclip/events,1, com.miniclip.eightballpool,
com/google/android/gms/audience,1, com.miniclip.eightballpool,
com/mopub/common,1, com.miniclip.eightballpool,
com/miniclip/crashlytics,1, com.miniclip.eightballpool,
com/unity3d/services/banners/configuration,1, com.miniclip.eightballpool,
com/miniclip/rate,1, com.miniclip.eightballpool,
com/miniclip/nativeJNI,1, com.miniclip.eightballpool,
com/mopub/mobileads/rewarded_video,1, com.miniclip.eightballpool,
com/google/android/gms/common/images,1, com.miniclip.eightballpool,
com/unity3d/services/ads/webplayer,1, com.miniclip.eightballpool,
com/unity3d/services/monetization/core/configuration,1, com.miniclip.eightballpool,
com/google/zxing/multi/qrcode/detector,1, com.miniclip.eightballpool,
com/mopub/mobileads/util,1, com.miniclip.eightballpool,
com/crashlytics/android,1, com.miniclip.eightballpool,
com/mopub/mobileads/unityads,1, com.miniclip.eightballpool,
com/unity3d/services/monetization/placementcontent/core,1, com.miniclip.eightballpool,
com/google/android/gms/games/leaderboard,1, com.miniclip.eightballpool,
com/vungle/warren/utility,1, com.miniclip.eightballpool,
com/yoyogames,1,2 3 4 Player Mini Games_v3.2.2_apkpure.com,
com/miniclip/mcapplinks,1, com.miniclip.eightballpool,
com/unity3d/services/banners/view,1, com.miniclip.eightballpool,
com/moat/analytics/mobile/iro/base/functional,1, com.miniclip.eightballpool,
com/unity3d/services/ar/view,1, com.miniclip.eightballpool,
com/google/zxing/client/result,1, com.miniclip.eightballpool,
retrofit2/converter/gson,1, com.miniclip.eightballpool,
android/support/v7/widget/helper,1, com.miniclip.eightballpool,
com/google/android/gms/plus,1, com.miniclip.eightballpool,
com/integralads/avid/library/adcolony/video,1, com.miniclip.eightballpool,
android/support/v7/util,1, com.miniclip.eightballpool,
com/google/zxing/datamatrix/detector,1, com.miniclip.eightballpool,
com/miniclip/clipboard,1, com.miniclip.eightballpool,
com/unity3d/services/purchasing/core/properties,1, com.miniclip.eightballpool,
com/miniclip/googleplaygames,1, com.miniclip.eightballpool,
com/google/android/gms/common/server,1, com.miniclip.eightballpool,
com/unity3d/services/monetization/core/webview,1, com.miniclip.eightballpool,
okio,1, com.miniclip.eightballpool,
com/integralads/avid/library/adcolony/activity,1, com.miniclip.eightballpool,
com/miniclip/eightballpool,1, com.miniclip.eightballpool,
com/google/zxing/pdf417,1, com.miniclip.eightballpool,
com/moat/analytics,1, com.miniclip.eightballpool,
com/integralads/avid/library/adcolony/processing,1, com.miniclip.eightballpool,
com/vungle/warren/presenter,1, com.miniclip.eightballpool,
com/unity3d/services/ads/properties,1, com.miniclip.eightballpool,
com/miniclip/input,1, com.miniclip.eightballpool,
com/crashlytics/android/answers,1, com.miniclip.eightballpool,
com/unity3d/services/purchasing,1, com.miniclip.eightballpool,
com/android/installreferrer/api,1, com.miniclip.eightballpool,
com/miniclip/mccrashlytics,1, com.miniclip.eightballpool,
com/google/android/finsky/externalreferrer,1, com.miniclip.eightballpool,
com/unity3d/ads,1, com.miniclip.eightballpool,
com/google/zxing/datamatrix,1, com.miniclip.eightballpool,
com/ironsource/adapters/vungle,1, com.miniclip.eightballpool,
audience_network/com/facebook,1, com.miniclip.eightballpool,
com/facebook/ads,1, com.miniclip.eightballpool,
com/unity3d/services/monetization,1, com.miniclip.eightballpool,
com/miniclip/filesystem,1, com.miniclip.eightballpool,
com/tonyodev/fetch/listener,1, com.miniclip.eightballpool,
com/miniclip/ads/tapjoy,1, com.miniclip.eightballpool,
com/google/ads/mediation/facebook/rtb,1, com.miniclip.eightballpool,
com/integralads/avid/library/adcolony/walking/async,1, com.miniclip.eightballpool,
com/google/ads/mediation/mopub,1, com.miniclip.eightballpool,
com/google/android/gms/plus/model/people,1, com.miniclip.eightballpool,
com/mopub/mobileads/admob,1, com.miniclip.eightballpool,
com/miniclip/ui,1, com.miniclip.eightballpool,
com/unity3d/services/analytics,1, com.miniclip.eightballpool,
com/facebook/share,1, com.miniclip.eightballpool,
com/miniclip/newsfeed/ui,1, com.miniclip.eightballpool,
android/support/v7/cardview,1, com.miniclip.eightballpool,
com/google/android/gms/games/request,1, com.miniclip.eightballpool,
com/miniclip/audio,1, com.miniclip.eightballpool,
com/ironsource/mediationsdk,1, com.miniclip.eightballpool,
com/google/android/ads/consent,1,2 3 4 Player Mini Games_v3.2.2_apkpure.com,
com/google/zxing/maxicode/decoder,1, com.miniclip.eightballpool,
com/facebook/core,1, com.miniclip.eightballpool,
com/miniclip/inapppurchases/providers,1, com.miniclip.eightballpool,
com/vungle/warren/locale,1, com.miniclip.eightballpool,
com/adcolony,1, com.miniclip.eightballpool,
com/miniclip/ads/mopub,1, com.miniclip.eightballpool,
android/support/v7/widget/util,1, com.miniclip.eightballpool,
com/miniclip/inapppurchases,1, com.miniclip.eightballpool,
com/google/zxing/oned/rss,1, com.miniclip.eightballpool,
com/google/android/gms/drive/widget,1, com.miniclip.eightballpool,
retrofit2,1, com.miniclip.eightballpool,
com/google/android/gms/games/achievement,1, com.miniclip.eightballpool,
io/fabric/sdk/android/services/events,1, com.miniclip.eightballpool,
com/google/zxing/qrcode/detector,1, com.miniclip.eightballpool,
com/android/billingclient/util,1, com.miniclip.eightballpool,
com/adjust/sdk/scheduler,1, com.miniclip.eightballpool,
com/moat/analytics/mobile/vng,1, com.miniclip.eightballpool,
com/unity3d/services/store/core/configuration,1, com.miniclip.eightballpool,
com/ironsource/mediationsdk/sdk,1, com.miniclip.eightballpool,
com/ironsource/mediationsdk/events,1, com.miniclip.eightballpool,
retrofit2/converter,1, com.miniclip.eightballpool,
com/google/android/gms/games/event,1, com.miniclip.eightballpool,
com/google/zxing/datamatrix/decoder,1, com.miniclip.eightballpool,
org/jsoup/nodes,1, com.miniclip.eightballpool,
com/ironsource/sdk/precache,1, com.miniclip.eightballpool,
com/google/android/gms/stats,1, com.miniclip.eightballpool,
com/google/android/gms/drive/query,1, com.miniclip.eightballpool,
com/unity3d/services/monetization/placementcontent/purchasing,1, com.miniclip.eightballpool,
io/fabric,1, com.miniclip.eightballpool,
com/ironsource/sdk/listeners,1, com.miniclip.eightballpool,
com/google/android/gms/auth/api,1, com.miniclip.eightballpool,
com/miniclip/externalappsmanager,1, com.miniclip.eightballpool,
com/unity3d/services/core/api,1, com.miniclip.eightballpool,
bolts,1, com.miniclip.eightballpool,
com/unity3d/services/analytics/core/configuration,1, com.miniclip.eightballpool,
com/mopub/mobileads/ironsource,1, com.miniclip.eightballpool,
com/ironsource/sdk/data,1, com.miniclip.eightballpool,
com/google/firebase/analytics,1, com.miniclip.eightballpool,
com/unity3d/services/analytics/core,1, com.miniclip.eightballpool,
com/integralads/avid/library/adcolony/utils,1, com.miniclip.eightballpool,
com/unity3d/services/core/connectivity,1, com.miniclip.eightballpool,
com/unity3d/services/core/sensorinfo,1, com.miniclip.eightballpool,
com/jirbo/adcolony,1, com.miniclip.eightballpool,
com/google/android/gms/signin,1, com.miniclip.eightballpool,
com/unity3d/services,1, com.miniclip.eightballpool,
com/ironsource/mediationsdk/model,1, com.miniclip.eightballpool,
com/mopub/volley/toolbox,1, com.miniclip.eightballpool,
com/unity3d/services/core/webview/bridge,1, com.miniclip.eightballpool,
com/google/zxing/aztec/decoder,1, com.miniclip.eightballpool,
com/google/zxing/pdf417/decoder,1, com.miniclip.eightballpool,
com/unity3d/services/core/preferences,1, com.miniclip.eightballpool,
com/unity3d,1, com.miniclip.eightballpool,
com/google/zxing/datamatrix/encoder,1, com.miniclip.eightballpool,
com/miniclip/notifications/fcm,1, com.miniclip.eightballpool,
com/miniclip/notifications,1, com.miniclip.eightballpool,
com/ironsource/adapters/adcolony,1, com.miniclip.eightballpool,
com/amazon/device/iap,1, com.miniclip.eightballpool,
com/google/ads/mediation/adcolony,1, com.miniclip.eightballpool,
android/support/v7/recyclerview,1, com.miniclip.eightballpool,
com/miniclip/platform,1, com.miniclip.eightballpool,
com/unity3d/services/banners/properties,1, com.miniclip.eightballpool,
com/google/firebase/annotations,1, com.miniclip.eightballpool,
io/fabric/sdk,1, com.miniclip.eightballpool,
com/google/zxing/client,1, com.miniclip.eightballpool,
com/google/android/gms/drive/events,1, com.miniclip.eightballpool,
com/miniclip/applinks,1, com.miniclip.eightballpool,
com/mopub/mobileads,1, com.miniclip.eightballpool,
com/adjust/sdk,1, com.miniclip.eightballpool,
com/google/android/gms/auth,1, com.miniclip.eightballpool,
com/moat/analytics/mobile/tjy,1, com.miniclip.eightballpool,
com/google/zxing/common/reedsolomon,1, com.miniclip.eightballpool,
com/miniclip/appsharing,1, com.miniclip.eightballpool,
com/mopub/common/privacy,1, com.miniclip.eightballpool,
com/mopub/common/logging,1, com.miniclip.eightballpool,
com/miniclip/crypto,1, com.miniclip.eightballpool,
com/google/firebase/provider,1, com.miniclip.eightballpool,
com/miniclip/newsfeed,1, com.miniclip.eightballpool,
com/google/android/gms/games/snapshot,1, com.miniclip.eightballpool,
com/unity3d/services/purchasing/core/webview,1, com.miniclip.eightballpool,
com/unity3d/ads/metadata,1, com.miniclip.eightballpool,
android/support/graphics/drawable/animated,1,2 3 4 Player Mini Games_v3.2.2_apkpure.com,
com/google/firebase/iid,1, com.miniclip.eightballpool,
com/google/ads/consent,1,2 3 4 Player Mini Games_v3.2.2_apkpure.com,
com/unity3d/services/ads/api,1, com.miniclip.eightballpool,
com/unity3d/services/banners,1, com.miniclip.eightballpool,
com/moat/analytics/mobile/tjy/base/functional,1, com.miniclip.eightballpool,
com/miniclip/ads,1, com.miniclip.eightballpool,
com/google/firebase/auth,1, com.miniclip.eightballpool,
com/google/android/gms/games/stats,1, com.miniclip.eightballpool,
com/tonyodev/fetch,1, com.miniclip.eightballpool,
com/miniclip/eightballpool/notification/intent,1, com.miniclip.eightballpool,
com/google/android/gms/auth/api/signin,1, com.miniclip.eightballpool,
com/google/firebase/messaging,1, com.miniclip.eightballpool,
com/vungle/warren/tasks,1, com.miniclip.eightballpool,
com/ironsource/sdk/analytics/moat,1, com.miniclip.eightballpool,
com/vungle/warren/model,1, com.miniclip.eightballpool,
com/miniclip/framework,1, com.miniclip.eightballpool,
com/google/android/gms/drive,1, com.miniclip.eightballpool,
com/mopub/common/util,1, com.miniclip.eightballpool,
com/crashlytics,1, com.miniclip.eightballpool,
com/miniclip/eightballpool/notification/payload,1, com.miniclip.eightballpool,
okhttp3,1, com.miniclip.eightballpool,
com/google/zxing/common,1, com.miniclip.eightballpool,
androidx/browser/browseractions,1, com.miniclip.eightballpool,
org/jsoup/helper,1, com.miniclip.eightballpool,
com/google/ads/mediation/vungle,1, com.miniclip.eightballpool,
com/mopub/mobileads/interstitial,1, com.miniclip.eightballpool,
com/google/android/ads,1,2 3 4 Player Mini Games_v3.2.2_apkpure.com,
com/unity3d/services/analytics/core/api,1, com.miniclip.eightballpool,
com/vungle/warren/download,1, com.miniclip.eightballpool,
com/ironsource/eventsmodule,1, com.miniclip.eightballpool,
com/miniclip/qae,1, com.miniclip.eightballpool,
com/vungle/warren/ui,1, com.miniclip.eightballpool,
com/google/zxing/qrcode/encoder,1, com.miniclip.eightballpool,
com/ironsource/sdk/handlers,1, com.miniclip.eightballpool,
com/unity3d/services/ads/video,1, com.miniclip.eightballpool,
com/unity3d/services/banners/api,1, com.miniclip.eightballpool,
com/miniclip/notifications/local,1, com.miniclip.eightballpool,
org/jsoup/select,1, com.miniclip.eightballpool,
com/mopub/exceptions,1, com.miniclip.eightballpool,
com/google/zxing/pdf417/decoder/ec,1, com.miniclip.eightballpool,
com/vungle/warren/network,1, com.miniclip.eightballpool,
com/google/ads/mediation/unity,1, com.miniclip.eightballpool,
com/ironsource/sdk/constants,1, com.miniclip.eightballpool,
audience_network,1, com.miniclip.eightballpool,
com/google/gson/util,1,2 3 4 Player Mini Games_v3.2.2_apkpure.com,
com/ironsource/adapters,1, com.miniclip.eightballpool,
com/google/firebase/analytics/connector/impl,1, com.miniclip.eightballpool,
com/crashlytics/android/beta,1, com.miniclip.eightballpool,
com/crashlytics/android/ndk,1, com.miniclip.eightballpool,
com/miniclip/eightballpool/notification/info,1, com.miniclip.eightballpool,
com/miniclip/facebook,1, com.miniclip.eightballpool,
com/facebook/appevents/codeless,1, com.miniclip.eightballpool,
com/mopub/mobileads/resource,1, com.miniclip.eightballpool,
com/unity3d/services/ar/configuration,1, com.miniclip.eightballpool,
com/jirbo,1, com.miniclip.eightballpool,
com/adcolony/sdk,1, com.miniclip.eightballpool,
io/fabric/sdk/android/services/network,1, com.miniclip.eightballpool,
com/mopub/mobileads/factories,1, com.miniclip.eightballpool,
com/unity3d/services/ads,1, com.miniclip.eightballpool,
com/android/billingclient/api,1, com.miniclip.eightballpool,
com/integralads/avid/library/adcolony/weakreference,1, com.miniclip.eightballpool,
com/miniclip/eightballpool/notification/layout,1, com.miniclip.eightballpool,
com/adjust/sdk/purchase,1, com.miniclip.eightballpool,
com/unity3d/services/store/core/api,1, com.miniclip.eightballpool,
com/unity3d/services/ads/configuration,1, com.miniclip.eightballpool,
com/miniclip/mcinapppurchases,1, com.miniclip.eightballpool,
com/mopub/network,1, com.miniclip.eightballpool,
com/facebook/login/widget,1, com.miniclip.eightballpool,
com/tonyodev/fetch/request,1, com.miniclip.eightballpool,
com/ironsource/mediationsdk/utils,1, com.miniclip.eightballpool,
com/unity3d/services/core/request,1, com.miniclip.eightballpool,
com/moat/analytics/mobile/iro/base,1, com.miniclip.eightballpool,
com/moat/analytics/mobile/tjy/base/exception,1, com.miniclip.eightballpool,
com/ironsource/sdk/ISNAdView,1, com.miniclip.eightballpool,
retrofit2/http,1, com.miniclip.eightballpool,
com/unity3d/services/core/cache,1, com.miniclip.eightballpool,
com/google/ads/mediation/facebook,1, com.miniclip.eightballpool,
com/mopub,1, com.miniclip.eightballpool,
com/ironsource/adapters/ris,1, com.miniclip.eightballpool,
com/google/firebase/events,1, com.miniclip.eightballpool,
com/miniclip/ads/ulam,1, com.miniclip.eightballpool,
com/android/billingclient,1, com.miniclip.eightballpool,
com/ironsource/adapters/facebook,1, com.miniclip.eightballpool,
com/unity3d/services/purchasing/core/api,1, com.miniclip.eightballpool,
com/tapjoy/android,1, com.miniclip.eightballpool,
com/unity3d/services/core/webview,1, com.miniclip.eightballpool,
com/google/ads/mediation/ironsource,1, com.miniclip.eightballpool,
com/mopub/mobileads/tapjoy,1, com.miniclip.eightballpool,
com/google/android/gms/games/multiplayer/turnbased,1, com.miniclip.eightballpool,
androidx/browser,1, com.miniclip.eightballpool,
com/google/firebase/inject,1, com.miniclip.eightballpool,
com/yoyogames/runner,1,2 3 4 Player Mini Games_v3.2.2_apkpure.com,
com/unity3d/services/monetization/core/properties,1, com.miniclip.eightballpool,
com/integralads/avid/library/adcolony/walking,1, com.miniclip.eightballpool,
com/google/android/gms/common/data,1, com.miniclip.eightballpool,
com/unity3d/services/ads/adunit,1, com.miniclip.eightballpool,
com/ironsource/mediationsdk/integration,1, com.miniclip.eightballpool,
com/google/zxing/oned,1, com.miniclip.eightballpool,
com/miniclip/notifications/adm,1, com.miniclip.eightballpool,
com/ironsource/mediationsdk/logger,1, com.miniclip.eightballpool,
com/mopub/nativeads,1, com.miniclip.eightballpool,
io/fabric/sdk/android/services,1, com.miniclip.eightballpool,
com/google/android/gms/common/server/converter,1, com.miniclip.eightballpool,
com/unity3d/services/core/device,1, com.miniclip.eightballpool,
com/miniclip/network,1, com.miniclip.eightballpool,
com/mopub/mobileads/facebookaudiencenetwork,1, com.miniclip.eightballpool,
org/jsoup/safety,1, com.miniclip.eightballpool,
com/unity3d/services/core/log,1, com.miniclip.eightballpool,
com/unity3d/ads/mediation,1, com.miniclip.eightballpool,
com/facebook/common,1, com.miniclip.eightballpool,
com/google/firebase/analytics/connector,1, com.miniclip.eightballpool,
com/google/android/gms/games/video,1, com.miniclip.eightballpool,
com/facebook/applinks,1, com.miniclip.eightballpool,
com/amazon/device,1, com.miniclip.eightballpool,
com/ironsource/sdk,1, com.miniclip.eightballpool,
com/ironsource/mediationsdk/config,1, com.miniclip.eightballpool,
com/unity3d/services/ar,1, com.miniclip.eightballpool,
com/integralads/avid/library/adcolony/base,1, com.miniclip.eightballpool,
org/jsoup/examples,1, com.miniclip.eightballpool,
com/unity3d/services/core/broadcast,1, com.miniclip.eightballpool,
com/mopub/mobileads/dfp/adapters,1, com.miniclip.eightballpool,
com/google/ads/mediation/tapjoy,1, com.miniclip.eightballpool,
com/ction,1,2 3 4 Player Mini Games_v3.2.2_apkpure.com,
com/google/zxing/multi/qrcode,1, com.miniclip.eightballpool,
com/miniclip,1, com.miniclip.eightballpool,
com/google/zxing/qrcode/decoder,1, com.miniclip.eightballpool,
com/unity3d/services/core/properties,1, com.miniclip.eightballpool,
com/google/zxing/maxicode,1, com.miniclip.eightballpool,
com/facebook/login,1, com.miniclip.eightballpool,
com/miniclip/info,1, com.miniclip.eightballpool,
com/moat/analytics/mobile/tjy/base,1, com.miniclip.eightballpool,
com/ironsource/sdk/agent,1, com.miniclip.eightballpool,
com/moat/analytics/mobile/tjy/base/asserts,1, com.miniclip.eightballpool,
com/moat/analytics/mobile/iro/base/asserts,1, com.miniclip.eightballpool,
com/unity3d/services/core/lifecycle,1, com.miniclip.eightballpool,
com/miniclip/mcgoliath,1, com.miniclip.eightballpool,
com/tonyodev,1, com.miniclip.eightballpool,
com/facebook,1, com.miniclip.eightballpool,
com/vungle/warren/tasks/runnable,1, com.miniclip.eightballpool,
io/fabric/sdk/android/services/persistence,1, com.miniclip.eightballpool,
com/moat/analytics/mobile,1, com.miniclip.eightballpool,
com/google/zxing/aztec,1, com.miniclip.eightballpool,
com/google/zxing/qrcode,1, com.miniclip.eightballpool,
com/mopub/mobileads/base,1, com.miniclip.eightballpool,
io/fabric/sdk/android,1, com.miniclip.eightballpool,
io/fabric/sdk/android/services/settings,1, com.miniclip.eightballpool,
com/google/android/gms/plus/model,1, com.miniclip.eightballpool,
com/unity3d/services/monetization/core/api,1, com.miniclip.eightballpool,
com/integralads/avid/library/adcolony/registration,1, com.miniclip.eightballpool,
com/miniclip/mcservices,1, com.miniclip.eightballpool,
com/google/firebase/components,1, com.miniclip.eightballpool,
com/integralads,1, com.miniclip.eightballpool,
com/amazon,1, com.miniclip.eightballpool,
com/integralads/avid/library/adcolony/session,1, com.miniclip.eightballpool,
com/ironsource/mediationsdk/server,1, com.miniclip.eightballpool,
com/google/zxing/aztec/detector,1, com.miniclip.eightballpool,
com/vungle/warren/error,1, com.miniclip.eightballpool,
com/google/zxing,1, com.miniclip.eightballpool,
com/google/zxing/pdf417/detector,1, com.miniclip.eightballpool,
com/integralads/avid/library,1, com.miniclip.eightballpool,
com/integralads/avid/library/adcolony,1, com.miniclip.eightballpool,
com/ironsource/environment,1, com.miniclip.eightballpool,
com/unity3d/services/monetization/placementcontent/ads,1, com.miniclip.eightballpool,
com/unity3d/services/core/configuration,1, com.miniclip.eightballpool,
com/ironsource/adapters/admob,1, com.miniclip.eightballpool,
com/unity3d/services/store/core,1, com.miniclip.eightballpool,
com/miniclip/ads/admob,1, com.miniclip.eightballpool,
com/ironsource/adapters/supersonicads,1, com.miniclip.eightballpool,
com/ction/playergames,1,2 3 4 Player Mini Games_v3.2.2_apkpure.com,
com/google/firebase/measurement,1, com.miniclip.eightballpool,